<annotation>
	<folder>my-project-name</folder>
	<filename>IMG_20231018_1123039.jpg</filename>
	<path>/my-project-name/IMG_20231018_1123039.jpg</path>
	<source>
		<database>Unspecified</database>
	</source>
	<size>
		<width>6144</width>
		<height>3456</height>
		<depth>3</depth>
	</size>
	<object>
		<name>Knife</name>
		<pose>Unspecified</pose>
		<truncated>0</truncated>
		<difficult>0</difficult>
		<bndbox>
			<xmin>2247</xmin>
			<ymin>685</ymin>
			<xmax>4088</xmax>
			<ymax>3351</ymax>
		</bndbox>
	</object>
	<object>
		<name>scissors</name>
		<pose>Unspecified</pose>
		<truncated>0</truncated>
		<difficult>0</difficult>
		<bndbox>
			<xmin>1277</xmin>
			<ymin>359</ymin>
			<xmax>3131</xmax>
			<ymax>1800</ymax>
		</bndbox>
	</object>
</annotation>