<annotation>
	<folder>my-project-name</folder>
	<filename>IMG_20231018_1124050.jpg</filename>
	<path>/my-project-name/IMG_20231018_1124050.jpg</path>
	<source>
		<database>Unspecified</database>
	</source>
	<size>
		<width>6144</width>
		<height>3456</height>
		<depth>3</depth>
	</size>
	<object>
		<name>scissors</name>
		<pose>Unspecified</pose>
		<truncated>0</truncated>
		<difficult>0</difficult>
		<bndbox>
			<xmin>2588</xmin>
			<ymin>1569</ymin>
			<xmax>3566</xmax>
			<ymax>2764</ymax>
		</bndbox>
	</object>
	<object>
		<name>scissors</name>
		<pose>Unspecified</pose>
		<truncated>0</truncated>
		<difficult>0</difficult>
		<bndbox>
			<xmin>3740</xmin>
			<ymin>1525</ymin>
			<xmax>4617</xmax>
			<ymax>2677</ymax>
		</bndbox>
	</object>
	<object>
		<name>Knife</name>
		<pose>Unspecified</pose>
		<truncated>0</truncated>
		<difficult>0</difficult>
		<bndbox>
			<xmin>2639</xmin>
			<ymin>1018</ymin>
			<xmax>4436</xmax>
			<ymax>1366</ymax>
		</bndbox>
	</object>
</annotation>