<annotation>
	<folder>my-project-name</folder>
	<filename>IMG_20231018_1125038.jpg</filename>
	<path>/my-project-name/IMG_20231018_1125038.jpg</path>
	<source>
		<database>Unspecified</database>
	</source>
	<size>
		<width>6144</width>
		<height>3456</height>
		<depth>3</depth>
	</size>
	<object>
		<name>Knife</name>
		<pose>Unspecified</pose>
		<truncated>0</truncated>
		<difficult>0</difficult>
		<bndbox>
			<xmin>1407</xmin>
			<ymin>1496</ymin>
			<xmax>4269</xmax>
			<ymax>1938</ymax>
		</bndbox>
	</object>
	<object>
		<name>scissors</name>
		<pose>Unspecified</pose>
		<truncated>0</truncated>
		<difficult>0</difficult>
		<bndbox>
			<xmin>4240</xmin>
			<ymin>750</ymin>
			<xmax>5160</xmax>
			<ymax>2721</ymax>
		</bndbox>
	</object>
</annotation>