<annotation>
	<folder>my-project-name</folder>
	<filename>IMG_20231018_1112000.jpg</filename>
	<path>/my-project-name/IMG_20231018_1112000.jpg</path>
	<source>
		<database>Unspecified</database>
	</source>
	<size>
		<width>6144</width>
		<height>3456</height>
		<depth>3</depth>
	</size>
	<object>
		<name>scissors</name>
		<pose>Unspecified</pose>
		<truncated>0</truncated>
		<difficult>0</difficult>
		<bndbox>
			<xmin>1067</xmin>
			<ymin>931</ymin>
			<xmax>2827</xmax>
			<ymax>2221</ymax>
		</bndbox>
	</object>
	<object>
		<name>scissors</name>
		<pose>Unspecified</pose>
		<truncated>0</truncated>
		<difficult>0</difficult>
		<bndbox>
			<xmin>3313</xmin>
			<ymin>1214</ymin>
			<xmax>4870</xmax>
			<ymax>2126</ymax>
		</bndbox>
	</object>
</annotation>