<annotation>
	<folder>my-project-name</folder>
	<filename>IMG_20231018_1131046.jpg</filename>
	<path>/my-project-name/IMG_20231018_1131046.jpg</path>
	<source>
		<database>Unspecified</database>
	</source>
	<size>
		<width>6144</width>
		<height>3456</height>
		<depth>3</depth>
	</size>
	<object>
		<name>scissors</name>
		<pose>Unspecified</pose>
		<truncated>0</truncated>
		<difficult>0</difficult>
		<bndbox>
			<xmin>994</xmin>
			<ymin>1293</ymin>
			<xmax>3334</xmax>
			<ymax>2228</ymax>
		</bndbox>
	</object>
	<object>
		<name>scissors</name>
		<pose>Unspecified</pose>
		<truncated>0</truncated>
		<difficult>0</difficult>
		<bndbox>
			<xmin>1719</xmin>
			<ymin>2293</ymin>
			<xmax>3747</xmax>
			<ymax>3192</ymax>
		</bndbox>
	</object>
	<object>
		<name>Knife</name>
		<pose>Unspecified</pose>
		<truncated>0</truncated>
		<difficult>0</difficult>
		<bndbox>
			<xmin>2037</xmin>
			<ymin>1076</ymin>
			<xmax>3870</xmax>
			<ymax>1815</ymax>
		</bndbox>
	</object>
</annotation>