<annotation>
	<folder>my-project-name</folder>
	<filename>IMG_20231018_1133021.jpg</filename>
	<path>/my-project-name/IMG_20231018_1133021.jpg</path>
	<source>
		<database>Unspecified</database>
	</source>
	<size>
		<width>6144</width>
		<height>3456</height>
		<depth>3</depth>
	</size>
	<object>
		<name>scissors</name>
		<pose>Unspecified</pose>
		<truncated>0</truncated>
		<difficult>0</difficult>
		<bndbox>
			<xmin>849</xmin>
			<ymin>1322</ymin>
			<xmax>2436</xmax>
			<ymax>2047</ymax>
		</bndbox>
	</object>
	<object>
		<name>scissors</name>
		<pose>Unspecified</pose>
		<truncated>0</truncated>
		<difficult>0</difficult>
		<bndbox>
			<xmin>1719</xmin>
			<ymin>2134</ymin>
			<xmax>3189</xmax>
			<ymax>2735</ymax>
		</bndbox>
	</object>
	<object>
		<name>scissors</name>
		<pose>Unspecified</pose>
		<truncated>0</truncated>
		<difficult>0</difficult>
		<bndbox>
			<xmin>2936</xmin>
			<ymin>1721</ymin>
			<xmax>4015</xmax>
			<ymax>2163</ymax>
		</bndbox>
	</object>
	<object>
		<name>Knife</name>
		<pose>Unspecified</pose>
		<truncated>0</truncated>
		<difficult>0</difficult>
		<bndbox>
			<xmin>2327</xmin>
			<ymin>735</ymin>
			<xmax>3334</xmax>
			<ymax>1496</ymax>
		</bndbox>
	</object>
</annotation>