<annotation>
	<folder>my-project-name</folder>
	<filename>IMG_20231018_1133053.jpg</filename>
	<path>/my-project-name/IMG_20231018_1133053.jpg</path>
	<source>
		<database>Unspecified</database>
	</source>
	<size>
		<width>6144</width>
		<height>3456</height>
		<depth>3</depth>
	</size>
	<object>
		<name>scissors</name>
		<pose>Unspecified</pose>
		<truncated>0</truncated>
		<difficult>0</difficult>
		<bndbox>
			<xmin>1552</xmin>
			<ymin>902</ymin>
			<xmax>3827</xmax>
			<ymax>1779</ymax>
		</bndbox>
	</object>
	<object>
		<name>scissors</name>
		<pose>Unspecified</pose>
		<truncated>0</truncated>
		<difficult>0</difficult>
		<bndbox>
			<xmin>2400</xmin>
			<ymin>2047</ymin>
			<xmax>3863</xmax>
			<ymax>2858</ymax>
		</bndbox>
	</object>
</annotation>