<annotation>
	<folder>my-project-name</folder>
	<filename>IMG_20231018_1124006.jpg</filename>
	<path>/my-project-name/IMG_20231018_1124006.jpg</path>
	<source>
		<database>Unspecified</database>
	</source>
	<size>
		<width>6144</width>
		<height>3456</height>
		<depth>3</depth>
	</size>
	<object>
		<name>Knife</name>
		<pose>Unspecified</pose>
		<truncated>0</truncated>
		<difficult>0</difficult>
		<bndbox>
			<xmin>1950</xmin>
			<ymin>685</ymin>
			<xmax>3950</xmax>
			<ymax>2482</ymax>
		</bndbox>
	</object>
	<object>
		<name>scissors</name>
		<pose>Unspecified</pose>
		<truncated>0</truncated>
		<difficult>0</difficult>
		<bndbox>
			<xmin>1074</xmin>
			<ymin>982</ymin>
			<xmax>1653</xmax>
			<ymax>3090</ymax>
		</bndbox>
	</object>
</annotation>