<annotation>
	<folder>my-project-name</folder>
	<filename>IMG_20231018_1132040.jpg</filename>
	<path>/my-project-name/IMG_20231018_1132040.jpg</path>
	<source>
		<database>Unspecified</database>
	</source>
	<size>
		<width>6144</width>
		<height>3456</height>
		<depth>3</depth>
	</size>
	<object>
		<name>Knife</name>
		<pose>Unspecified</pose>
		<truncated>0</truncated>
		<difficult>0</difficult>
		<bndbox>
			<xmin>1356</xmin>
			<ymin>1090</ymin>
			<xmax>3443</xmax>
			<ymax>1445</ymax>
		</bndbox>
	</object>
	<object>
		<name>scissors</name>
		<pose>Unspecified</pose>
		<truncated>0</truncated>
		<difficult>0</difficult>
		<bndbox>
			<xmin>632</xmin>
			<ymin>1634</ymin>
			<xmax>2987</xmax>
			<ymax>2547</ymax>
		</bndbox>
	</object>
	<object>
		<name>scissors</name>
		<pose>Unspecified</pose>
		<truncated>0</truncated>
		<difficult>0</difficult>
		<bndbox>
			<xmin>3247</xmin>
			<ymin>1482</ymin>
			<xmax>4754</xmax>
			<ymax>2134</ymax>
		</bndbox>
	</object>
	<object>
		<name>scissors</name>
		<pose>Unspecified</pose>
		<truncated>0</truncated>
		<difficult>0</difficult>
		<bndbox>
			<xmin>1610</xmin>
			<ymin>2337</ymin>
			<xmax>3682</xmax>
			<ymax>3134</ymax>
		</bndbox>
	</object>
</annotation>