<annotation>
	<folder>my-project-name</folder>
	<filename>IMG_20231018_1124028.jpg</filename>
	<path>/my-project-name/IMG_20231018_1124028.jpg</path>
	<source>
		<database>Unspecified</database>
	</source>
	<size>
		<width>6144</width>
		<height>3456</height>
		<depth>3</depth>
	</size>
	<object>
		<name>Knife</name>
		<pose>Unspecified</pose>
		<truncated>0</truncated>
		<difficult>0</difficult>
		<bndbox>
			<xmin>1632</xmin>
			<ymin>489</ymin>
			<xmax>4059</xmax>
			<ymax>902</ymax>
		</bndbox>
	</object>
	<object>
		<name>scissors</name>
		<pose>Unspecified</pose>
		<truncated>0</truncated>
		<difficult>0</difficult>
		<bndbox>
			<xmin>1508</xmin>
			<ymin>1228</ymin>
			<xmax>2834</xmax>
			<ymax>2844</ymax>
		</bndbox>
	</object>
	<object>
		<name>scissors</name>
		<pose>Unspecified</pose>
		<truncated>0</truncated>
		<difficult>0</difficult>
		<bndbox>
			<xmin>3081</xmin>
			<ymin>1090</ymin>
			<xmax>4363</xmax>
			<ymax>2713</ymax>
		</bndbox>
	</object>
</annotation>