<annotation>
	<folder>my-project-name</folder>
	<filename>IMG_20231018_1126036.jpg</filename>
	<path>/my-project-name/IMG_20231018_1126036.jpg</path>
	<source>
		<database>Unspecified</database>
	</source>
	<size>
		<width>6144</width>
		<height>3456</height>
		<depth>3</depth>
	</size>
	<object>
		<name>scissors</name>
		<pose>Unspecified</pose>
		<truncated>0</truncated>
		<difficult>0</difficult>
		<bndbox>
			<xmin>965</xmin>
			<ymin>1728</ymin>
			<xmax>3102</xmax>
			<ymax>2916</ymax>
		</bndbox>
	</object>
	<object>
		<name>scissors</name>
		<pose>Unspecified</pose>
		<truncated>0</truncated>
		<difficult>0</difficult>
		<bndbox>
			<xmin>2552</xmin>
			<ymin>1257</ymin>
			<xmax>3943</xmax>
			<ymax>2090</ymax>
		</bndbox>
	</object>
	<object>
		<name>scissors</name>
		<pose>Unspecified</pose>
		<truncated>0</truncated>
		<difficult>0</difficult>
		<bndbox>
			<xmin>4088</xmin>
			<ymin>743</ymin>
			<xmax>5392</xmax>
			<ymax>1742</ymax>
		</bndbox>
	</object>
	<object>
		<name>Knife</name>
		<pose>Unspecified</pose>
		<truncated>0</truncated>
		<difficult>0</difficult>
		<bndbox>
			<xmin>3175</xmin>
			<ymin>2112</ymin>
			<xmax>5254</xmax>
			<ymax>2612</ymax>
		</bndbox>
	</object>
</annotation>