<annotation>
	<folder>my-project-name</folder>
	<filename>IMG_20231018_1133007.jpg</filename>
	<path>/my-project-name/IMG_20231018_1133007.jpg</path>
	<source>
		<database>Unspecified</database>
	</source>
	<size>
		<width>6144</width>
		<height>3456</height>
		<depth>3</depth>
	</size>
	<object>
		<name>scissors</name>
		<pose>Unspecified</pose>
		<truncated>0</truncated>
		<difficult>0</difficult>
		<bndbox>
			<xmin>914</xmin>
			<ymin>801</ymin>
			<xmax>3428</xmax>
			<ymax>1989</ymax>
		</bndbox>
	</object>
	<object>
		<name>scissors</name>
		<pose>Unspecified</pose>
		<truncated>0</truncated>
		<difficult>0</difficult>
		<bndbox>
			<xmin>3262</xmin>
			<ymin>409</ymin>
			<xmax>4957</xmax>
			<ymax>1467</ymax>
		</bndbox>
	</object>
</annotation>