<annotation>
	<folder>my-project-name</folder>
	<filename>IMG_20231018_1131012.jpg</filename>
	<path>/my-project-name/IMG_20231018_1131012.jpg</path>
	<source>
		<database>Unspecified</database>
	</source>
	<size>
		<width>6144</width>
		<height>3456</height>
		<depth>3</depth>
	</size>
	<object>
		<name>Knife</name>
		<pose>Unspecified</pose>
		<truncated>0</truncated>
		<difficult>0</difficult>
		<bndbox>
			<xmin>3450</xmin>
			<ymin>576</ymin>
			<xmax>4073</xmax>
			<ymax>2916</ymax>
		</bndbox>
	</object>
	<object>
		<name>scissors</name>
		<pose>Unspecified</pose>
		<truncated>0</truncated>
		<difficult>0</difficult>
		<bndbox>
			<xmin>1219</xmin>
			<ymin>619</ymin>
			<xmax>3226</xmax>
			<ymax>3068</ymax>
		</bndbox>
	</object>
</annotation>