<annotation>
	<folder>my-project-name</folder>
	<filename>IMG_20231018_1123016.jpg</filename>
	<path>/my-project-name/IMG_20231018_1123016.jpg</path>
	<source>
		<database>Unspecified</database>
	</source>
	<size>
		<width>6144</width>
		<height>3456</height>
		<depth>3</depth>
	</size>
	<object>
		<name>Knife</name>
		<pose>Unspecified</pose>
		<truncated>0</truncated>
		<difficult>0</difficult>
		<bndbox>
			<xmin>3088</xmin>
			<ymin>772</ymin>
			<xmax>4667</xmax>
			<ymax>2337</ymax>
		</bndbox>
	</object>
	<object>
		<name>scissors</name>
		<pose>Unspecified</pose>
		<truncated>0</truncated>
		<difficult>0</difficult>
		<bndbox>
			<xmin>2305</xmin>
			<ymin>1286</ymin>
			<xmax>3653</xmax>
			<ymax>2713</ymax>
		</bndbox>
	</object>
</annotation>