<annotation>
	<folder>my-project-name</folder>
	<filename>IMG_20231018_1126057.jpg</filename>
	<path>/my-project-name/IMG_20231018_1126057.jpg</path>
	<source>
		<database>Unspecified</database>
	</source>
	<size>
		<width>6144</width>
		<height>3456</height>
		<depth>3</depth>
	</size>
	<object>
		<name>scissors</name>
		<pose>Unspecified</pose>
		<truncated>0</truncated>
		<difficult>0</difficult>
		<bndbox>
			<xmin>1219</xmin>
			<ymin>337</ymin>
			<xmax>2660</xmax>
			<ymax>1489</ymax>
		</bndbox>
	</object>
	<object>
		<name>scissors</name>
		<pose>Unspecified</pose>
		<truncated>0</truncated>
		<difficult>0</difficult>
		<bndbox>
			<xmin>2689</xmin>
			<ymin>909</ymin>
			<xmax>3479</xmax>
			<ymax>1873</ymax>
		</bndbox>
	</object>
	<object>
		<name>scissors</name>
		<pose>Unspecified</pose>
		<truncated>0</truncated>
		<difficult>0</difficult>
		<bndbox>
			<xmin>3443</xmin>
			<ymin>1786</ymin>
			<xmax>4812</xmax>
			<ymax>3032</ymax>
		</bndbox>
	</object>
	<object>
		<name>Knife</name>
		<pose>Unspecified</pose>
		<truncated>0</truncated>
		<difficult>0</difficult>
		<bndbox>
			<xmin>2008</xmin>
			<ymin>1627</ymin>
			<xmax>3465</xmax>
			<ymax>3271</ymax>
		</bndbox>
	</object>
</annotation>