<annotation>
	<folder>my-project-name</folder>
	<filename>IMG_20231018_1108041.jpg</filename>
	<path>/my-project-name/IMG_20231018_1108041.jpg</path>
	<source>
		<database>Unspecified</database>
	</source>
	<size>
		<width>6144</width>
		<height>3456</height>
		<depth>3</depth>
	</size>
	<object>
		<name>scissors</name>
		<pose>Unspecified</pose>
		<truncated>0</truncated>
		<difficult>0</difficult>
		<bndbox>
			<xmin>1545</xmin>
			<ymin>2061</ymin>
			<xmax>2320</xmax>
			<ymax>2735</ymax>
		</bndbox>
	</object>
	<object>
		<name>scissors</name>
		<pose>Unspecified</pose>
		<truncated>0</truncated>
		<difficult>0</difficult>
		<bndbox>
			<xmin>5479</xmin>
			<ymin>2134</ymin>
			<xmax>5914</xmax>
			<ymax>2619</ymax>
		</bndbox>
	</object>
</annotation>