<annotation>
	<folder>my-project-name</folder>
	<filename>IMG_20231018_1111044.jpg</filename>
	<path>/my-project-name/IMG_20231018_1111044.jpg</path>
	<source>
		<database>Unspecified</database>
	</source>
	<size>
		<width>6144</width>
		<height>3456</height>
		<depth>3</depth>
	</size>
	<object>
		<name>scissors</name>
		<pose>Unspecified</pose>
		<truncated>0</truncated>
		<difficult>0</difficult>
		<bndbox>
			<xmin>1892</xmin>
			<ymin>569</ymin>
			<xmax>3015</xmax>
			<ymax>2344</ymax>
		</bndbox>
	</object>
</annotation>