<annotation>
	<folder>my-project-name</folder>
	<filename>IMG_20231018_1124019.jpg</filename>
	<path>/my-project-name/IMG_20231018_1124019.jpg</path>
	<source>
		<database>Unspecified</database>
	</source>
	<size>
		<width>6144</width>
		<height>3456</height>
		<depth>3</depth>
	</size>
	<object>
		<name>scissors</name>
		<pose>Unspecified</pose>
		<truncated>0</truncated>
		<difficult>0</difficult>
		<bndbox>
			<xmin>1451</xmin>
			<ymin>764</ymin>
			<xmax>2747</xmax>
			<ymax>2387</ymax>
		</bndbox>
	</object>
	<object>
		<name>scissors</name>
		<pose>Unspecified</pose>
		<truncated>0</truncated>
		<difficult>0</difficult>
		<bndbox>
			<xmin>2856</xmin>
			<ymin>1243</ymin>
			<xmax>4211</xmax>
			<ymax>3003</ymax>
		</bndbox>
	</object>
	<object>
		<name>Knife</name>
		<pose>Unspecified</pose>
		<truncated>0</truncated>
		<difficult>0</difficult>
		<bndbox>
			<xmin>2646</xmin>
			<ymin>98</ymin>
			<xmax>4646</xmax>
			<ymax>1677</ymax>
		</bndbox>
	</object>
</annotation>