<annotation>
	<folder>my-project-name</folder>
	<filename>IMG_20231018_1126025.jpg</filename>
	<path>/my-project-name/IMG_20231018_1126025.jpg</path>
	<source>
		<database>Unspecified</database>
	</source>
	<size>
		<width>6144</width>
		<height>3456</height>
		<depth>3</depth>
	</size>
	<object>
		<name>Knife</name>
		<pose>Unspecified</pose>
		<truncated>0</truncated>
		<difficult>0</difficult>
		<bndbox>
			<xmin>1537</xmin>
			<ymin>2192</ymin>
			<xmax>4414</xmax>
			<ymax>3097</ymax>
		</bndbox>
	</object>
	<object>
		<name>scissors</name>
		<pose>Unspecified</pose>
		<truncated>0</truncated>
		<difficult>0</difficult>
		<bndbox>
			<xmin>1501</xmin>
			<ymin>830</ymin>
			<xmax>3044</xmax>
			<ymax>1989</ymax>
		</bndbox>
	</object>
	<object>
		<name>scissors</name>
		<pose>Unspecified</pose>
		<truncated>0</truncated>
		<difficult>0</difficult>
		<bndbox>
			<xmin>3240</xmin>
			<ymin>1054</ymin>
			<xmax>4907</xmax>
			<ymax>2293</ymax>
		</bndbox>
	</object>
</annotation>