<annotation>
	<folder>my-project-name</folder>
	<filename>IMG_20231018_1112011.jpg</filename>
	<path>/my-project-name/IMG_20231018_1112011.jpg</path>
	<source>
		<database>Unspecified</database>
	</source>
	<size>
		<width>6144</width>
		<height>3456</height>
		<depth>3</depth>
	</size>
	<object>
		<name>scissors</name>
		<pose>Unspecified</pose>
		<truncated>0</truncated>
		<difficult>0</difficult>
		<bndbox>
			<xmin>567</xmin>
			<ymin>1076</ymin>
			<xmax>2030</xmax>
			<ymax>2612</ymax>
		</bndbox>
	</object>
	<object>
		<name>scissors</name>
		<pose>Unspecified</pose>
		<truncated>0</truncated>
		<difficult>0</difficult>
		<bndbox>
			<xmin>2349</xmin>
			<ymin>395</ymin>
			<xmax>3747</xmax>
			<ymax>2916</ymax>
		</bndbox>
	</object>
	<object>
		<name>scissors</name>
		<pose>Unspecified</pose>
		<truncated>0</truncated>
		<difficult>0</difficult>
		<bndbox>
			<xmin>3450</xmin>
			<ymin>974</ymin>
			<xmax>4609</xmax>
			<ymax>2170</ymax>
		</bndbox>
	</object>
</annotation>