<annotation>
	<folder>my-project-name</folder>
	<filename>IMG_20231018_1132017.jpg</filename>
	<path>/my-project-name/IMG_20231018_1132017.jpg</path>
	<source>
		<database>Unspecified</database>
	</source>
	<size>
		<width>6144</width>
		<height>3456</height>
		<depth>3</depth>
	</size>
	<object>
		<name>Knife</name>
		<pose>Unspecified</pose>
		<truncated>0</truncated>
		<difficult>0</difficult>
		<bndbox>
			<xmin>1530</xmin>
			<ymin>837</ymin>
			<xmax>3566</xmax>
			<ymax>1576</ymax>
		</bndbox>
	</object>
	<object>
		<name>scissors</name>
		<pose>Unspecified</pose>
		<truncated>0</truncated>
		<difficult>0</difficult>
		<bndbox>
			<xmin>523</xmin>
			<ymin>1214</ymin>
			<xmax>3088</xmax>
			<ymax>2199</ymax>
		</bndbox>
	</object>
	<object>
		<name>scissors</name>
		<pose>Unspecified</pose>
		<truncated>0</truncated>
		<difficult>0</difficult>
		<bndbox>
			<xmin>1516</xmin>
			<ymin>2279</ymin>
			<xmax>3624</xmax>
			<ymax>3068</ymax>
		</bndbox>
	</object>
</annotation>