<annotation>
	<folder>my-project-name</folder>
	<filename>IMG_20231018_1132057.jpg</filename>
	<path>/my-project-name/IMG_20231018_1132057.jpg</path>
	<source>
		<database>Unspecified</database>
	</source>
	<size>
		<width>6144</width>
		<height>3456</height>
		<depth>3</depth>
	</size>
	<object>
		<name>scissors</name>
		<pose>Unspecified</pose>
		<truncated>0</truncated>
		<difficult>0</difficult>
		<bndbox>
			<xmin>574</xmin>
			<ymin>1438</ymin>
			<xmax>2610</xmax>
			<ymax>2474</ymax>
		</bndbox>
	</object>
	<object>
		<name>scissors</name>
		<pose>Unspecified</pose>
		<truncated>0</truncated>
		<difficult>0</difficult>
		<bndbox>
			<xmin>1863</xmin>
			<ymin>2597</ymin>
			<xmax>3740</xmax>
			<ymax>3336</ymax>
		</bndbox>
	</object>
	<object>
		<name>scissors</name>
		<pose>Unspecified</pose>
		<truncated>0</truncated>
		<difficult>0</difficult>
		<bndbox>
			<xmin>3284</xmin>
			<ymin>1786</ymin>
			<xmax>4580</xmax>
			<ymax>2395</ymax>
		</bndbox>
	</object>
	<object>
		<name>Knife</name>
		<pose>Unspecified</pose>
		<truncated>0</truncated>
		<difficult>0</difficult>
		<bndbox>
			<xmin>2276</xmin>
			<ymin>380</ymin>
			<xmax>3718</xmax>
			<ymax>1402</ymax>
		</bndbox>
	</object>
</annotation>