<annotation>
	<folder>my-project-name</folder>
	<filename>IMG_20231018_1104058.jpg</filename>
	<path>/my-project-name/IMG_20231018_1104058.jpg</path>
	<source>
		<database>Unspecified</database>
	</source>
	<size>
		<width>6144</width>
		<height>3456</height>
		<depth>3</depth>
	</size>
	<object>
		<name>scissors</name>
		<pose>Unspecified</pose>
		<truncated>0</truncated>
		<difficult>0</difficult>
		<bndbox>
			<xmin>1537</xmin>
			<ymin>967</ymin>
			<xmax>4175</xmax>
			<ymax>2489</ymax>
		</bndbox>
	</object>
</annotation>