<annotation>
	<folder>my-project-name</folder>
	<filename>IMG_20231018_1129055.jpg</filename>
	<path>/my-project-name/IMG_20231018_1129055.jpg</path>
	<source>
		<database>Unspecified</database>
	</source>
	<size>
		<width>6144</width>
		<height>3456</height>
		<depth>3</depth>
	</size>
	<object>
		<name>scissors</name>
		<pose>Unspecified</pose>
		<truncated>0</truncated>
		<difficult>0</difficult>
		<bndbox>
			<xmin>1530</xmin>
			<ymin>1728</ymin>
			<xmax>4624</xmax>
			<ymax>3141</ymax>
		</bndbox>
	</object>
	<object>
		<name>scissors</name>
		<pose>Unspecified</pose>
		<truncated>0</truncated>
		<difficult>0</difficult>
		<bndbox>
			<xmin>2842</xmin>
			<ymin>214</ymin>
			<xmax>4443</xmax>
			<ymax>1308</ymax>
		</bndbox>
	</object>
	<object>
		<name>Knife</name>
		<pose>Unspecified</pose>
		<truncated>0</truncated>
		<difficult>0</difficult>
		<bndbox>
			<xmin>2074</xmin>
			<ymin>504</ymin>
			<xmax>3624</xmax>
			<ymax>1989</ymax>
		</bndbox>
	</object>
</annotation>