<annotation>
	<folder>my-project-name</folder>
	<filename>IMG_20231018_1125056.jpg</filename>
	<path>/my-project-name/IMG_20231018_1125056.jpg</path>
	<source>
		<database>Unspecified</database>
	</source>
	<size>
		<width>6144</width>
		<height>3456</height>
		<depth>3</depth>
	</size>
	<object>
		<name>Knife</name>
		<pose>Unspecified</pose>
		<truncated>0</truncated>
		<difficult>0</difficult>
		<bndbox>
			<xmin>1226</xmin>
			<ymin>815</ymin>
			<xmax>3472</xmax>
			<ymax>3148</ymax>
		</bndbox>
	</object>
	<object>
		<name>scissors</name>
		<pose>Unspecified</pose>
		<truncated>0</truncated>
		<difficult>0</difficult>
		<bndbox>
			<xmin>2762</xmin>
			<ymin>743</ymin>
			<xmax>4515</xmax>
			<ymax>2090</ymax>
		</bndbox>
	</object>
</annotation>