<annotation>
	<folder>my-project-name</folder>
	<filename>IMG_20231018_1132031.jpg</filename>
	<path>/my-project-name/IMG_20231018_1132031.jpg</path>
	<source>
		<database>Unspecified</database>
	</source>
	<size>
		<width>6144</width>
		<height>3456</height>
		<depth>3</depth>
	</size>
	<object>
		<name>scissors</name>
		<pose>Unspecified</pose>
		<truncated>0</truncated>
		<difficult>0</difficult>
		<bndbox>
			<xmin>422</xmin>
			<ymin>1409</ymin>
			<xmax>2566</xmax>
			<ymax>2250</ymax>
		</bndbox>
	</object>
	<object>
		<name>scissors</name>
		<pose>Unspecified</pose>
		<truncated>0</truncated>
		<difficult>0</difficult>
		<bndbox>
			<xmin>2813</xmin>
			<ymin>1757</ymin>
			<xmax>4008</xmax>
			<ymax>2344</ymax>
		</bndbox>
	</object>
	<object>
		<name>scissors</name>
		<pose>Unspecified</pose>
		<truncated>0</truncated>
		<difficult>0</difficult>
		<bndbox>
			<xmin>1306</xmin>
			<ymin>2250</ymin>
			<xmax>3052</xmax>
			<ymax>2866</ymax>
		</bndbox>
	</object>
	<object>
		<name>Knife</name>
		<pose>Unspecified</pose>
		<truncated>0</truncated>
		<difficult>0</difficult>
		<bndbox>
			<xmin>1211</xmin>
			<ymin>1040</ymin>
			<xmax>2994</xmax>
			<ymax>1569</ymax>
		</bndbox>
	</object>
</annotation>