<annotation>
	<folder>my-project-name</folder>
	<filename>IMG_20231018_1129045.jpg</filename>
	<path>/my-project-name/IMG_20231018_1129045.jpg</path>
	<source>
		<database>Unspecified</database>
	</source>
	<size>
		<width>6144</width>
		<height>3456</height>
		<depth>3</depth>
	</size>
	<object>
		<name>Knife</name>
		<pose>Unspecified</pose>
		<truncated>0</truncated>
		<difficult>0</difficult>
		<bndbox>
			<xmin>1335</xmin>
			<ymin>634</ymin>
			<xmax>3363</xmax>
			<ymax>1054</ymax>
		</bndbox>
	</object>
	<object>
		<name>scissors</name>
		<pose>Unspecified</pose>
		<truncated>0</truncated>
		<difficult>0</difficult>
		<bndbox>
			<xmin>1842</xmin>
			<ymin>496</ymin>
			<xmax>4718</xmax>
			<ymax>3018</ymax>
		</bndbox>
	</object>
</annotation>