<annotation>
	<folder>my-project-name</folder>
	<filename>IMG_20231018_1126045.jpg</filename>
	<path>/my-project-name/IMG_20231018_1126045.jpg</path>
	<source>
		<database>Unspecified</database>
	</source>
	<size>
		<width>6144</width>
		<height>3456</height>
		<depth>3</depth>
	</size>
	<object>
		<name>Knife</name>
		<pose>Unspecified</pose>
		<truncated>0</truncated>
		<difficult>0</difficult>
		<bndbox>
			<xmin>2588</xmin>
			<ymin>2192</ymin>
			<xmax>4957</xmax>
			<ymax>2844</ymax>
		</bndbox>
	</object>
	<object>
		<name>scissors</name>
		<pose>Unspecified</pose>
		<truncated>0</truncated>
		<difficult>0</difficult>
		<bndbox>
			<xmin>545</xmin>
			<ymin>1199</ymin>
			<xmax>2697</xmax>
			<ymax>2148</ymax>
		</bndbox>
	</object>
	<object>
		<name>scissors</name>
		<pose>Unspecified</pose>
		<truncated>0</truncated>
		<difficult>0</difficult>
		<bndbox>
			<xmin>2436</xmin>
			<ymin>1185</ymin>
			<xmax>3769</xmax>
			<ymax>2047</ymax>
		</bndbox>
	</object>
	<object>
		<name>scissors</name>
		<pose>Unspecified</pose>
		<truncated>0</truncated>
		<difficult>0</difficult>
		<bndbox>
			<xmin>3950</xmin>
			<ymin>1272</ymin>
			<xmax>5262</xmax>
			<ymax>2177</ymax>
		</bndbox>
	</object>
</annotation>