<annotation>
	<folder>my-project-name</folder>
	<filename>IMG_20231018_1113005.jpg</filename>
	<path>/my-project-name/IMG_20231018_1113005.jpg</path>
	<source>
		<database>Unspecified</database>
	</source>
	<size>
		<width>6144</width>
		<height>3456</height>
		<depth>3</depth>
	</size>
	<object>
		<name>scissors</name>
		<pose>Unspecified</pose>
		<truncated>0</truncated>
		<difficult>0</difficult>
		<bndbox>
			<xmin>1132</xmin>
			<ymin>1569</ymin>
			<xmax>2233</xmax>
			<ymax>2366</ymax>
		</bndbox>
	</object>
	<object>
		<name>scissors</name>
		<pose>Unspecified</pose>
		<truncated>0</truncated>
		<difficult>0</difficult>
		<bndbox>
			<xmin>2363</xmin>
			<ymin>1264</ymin>
			<xmax>3566</xmax>
			<ymax>2648</ymax>
		</bndbox>
	</object>
	<object>
		<name>scissors</name>
		<pose>Unspecified</pose>
		<truncated>0</truncated>
		<difficult>0</difficult>
		<bndbox>
			<xmin>3327</xmin>
			<ymin>1554</ymin>
			<xmax>4392</xmax>
			<ymax>2264</ymax>
		</bndbox>
	</object>
</annotation>