<annotation>
	<folder>my-project-name</folder>
	<filename>IMG_20231018_1122035.jpg</filename>
	<path>/my-project-name/IMG_20231018_1122035.jpg</path>
	<source>
		<database>Unspecified</database>
	</source>
	<size>
		<width>6144</width>
		<height>3456</height>
		<depth>3</depth>
	</size>
	<object>
		<name>scissors</name>
		<pose>Unspecified</pose>
		<truncated>0</truncated>
		<difficult>0</difficult>
		<bndbox>
			<xmin>1088</xmin>
			<ymin>946</ymin>
			<xmax>2892</xmax>
			<ymax>2735</ymax>
		</bndbox>
	</object>
	<object>
		<name>Knife</name>
		<pose>Unspecified</pose>
		<truncated>0</truncated>
		<difficult>0</difficult>
		<bndbox>
			<xmin>2392</xmin>
			<ymin>395</ymin>
			<xmax>4196</xmax>
			<ymax>2590</ymax>
		</bndbox>
	</object>
</annotation>