<annotation>
	<folder>my-project-name</folder>
	<filename>IMG_20231018_1133036.jpg</filename>
	<path>/my-project-name/IMG_20231018_1133036.jpg</path>
	<source>
		<database>Unspecified</database>
	</source>
	<size>
		<width>6144</width>
		<height>3456</height>
		<depth>3</depth>
	</size>
	<object>
		<name>Knife</name>
		<pose>Unspecified</pose>
		<truncated>0</truncated>
		<difficult>0</difficult>
		<bndbox>
			<xmin>1443</xmin>
			<ymin>598</ymin>
			<xmax>3066</xmax>
			<ymax>946</ymax>
		</bndbox>
	</object>
	<object>
		<name>scissors</name>
		<pose>Unspecified</pose>
		<truncated>0</truncated>
		<difficult>0</difficult>
		<bndbox>
			<xmin>538</xmin>
			<ymin>1032</ymin>
			<xmax>2450</xmax>
			<ymax>1764</ymax>
		</bndbox>
	</object>
	<object>
		<name>scissors</name>
		<pose>Unspecified</pose>
		<truncated>0</truncated>
		<difficult>0</difficult>
		<bndbox>
			<xmin>2545</xmin>
			<ymin>946</ymin>
			<xmax>3870</xmax>
			<ymax>1677</ymax>
		</bndbox>
	</object>
	<object>
		<name>scissors</name>
		<pose>Unspecified</pose>
		<truncated>0</truncated>
		<difficult>0</difficult>
		<bndbox>
			<xmin>1748</xmin>
			<ymin>1974</ymin>
			<xmax>2849</xmax>
			<ymax>3257</ymax>
		</bndbox>
	</object>
</annotation>