<annotation>
	<folder>my-project-name</folder>
	<filename>IMG_20231018_1123026.jpg</filename>
	<path>/my-project-name/IMG_20231018_1123026.jpg</path>
	<source>
		<database>Unspecified</database>
	</source>
	<size>
		<width>6144</width>
		<height>3456</height>
		<depth>3</depth>
	</size>
	<object>
		<name>scissors</name>
		<pose>Unspecified</pose>
		<truncated>0</truncated>
		<difficult>0</difficult>
		<bndbox>
			<xmin>1820</xmin>
			<ymin>1344</ymin>
			<xmax>3711</xmax>
			<ymax>2967</ymax>
		</bndbox>
	</object>
	<object>
		<name>Knife</name>
		<pose>Unspecified</pose>
		<truncated>0</truncated>
		<difficult>0</difficult>
		<bndbox>
			<xmin>2204</xmin>
			<ymin>656</ymin>
			<xmax>4609</xmax>
			<ymax>1489</ymax>
		</bndbox>
	</object>
</annotation>