<annotation>
	<folder>my-project-name</folder>
	<filename>IMG_20231018_1131036.jpg</filename>
	<path>/my-project-name/IMG_20231018_1131036.jpg</path>
	<source>
		<database>Unspecified</database>
	</source>
	<size>
		<width>6144</width>
		<height>3456</height>
		<depth>3</depth>
	</size>
	<object>
		<name>Knife</name>
		<pose>Unspecified</pose>
		<truncated>0</truncated>
		<difficult>0</difficult>
		<bndbox>
			<xmin>1653</xmin>
			<ymin>496</ymin>
			<xmax>3957</xmax>
			<ymax>1264</ymax>
		</bndbox>
	</object>
	<object>
		<name>scissors</name>
		<pose>Unspecified</pose>
		<truncated>0</truncated>
		<difficult>0</difficult>
		<bndbox>
			<xmin>342</xmin>
			<ymin>844</ymin>
			<xmax>3305</xmax>
			<ymax>1858</ymax>
		</bndbox>
	</object>
	<object>
		<name>scissors</name>
		<pose>Unspecified</pose>
		<truncated>0</truncated>
		<difficult>0</difficult>
		<bndbox>
			<xmin>1219</xmin>
			<ymin>2047</ymin>
			<xmax>3899</xmax>
			<ymax>3155</ymax>
		</bndbox>
	</object>
</annotation>