<annotation>
	<folder>my-project-name</folder>
	<filename>IMG_20231018_1131022.jpg</filename>
	<path>/my-project-name/IMG_20231018_1131022.jpg</path>
	<source>
		<database>Unspecified</database>
	</source>
	<size>
		<width>6144</width>
		<height>3456</height>
		<depth>3</depth>
	</size>
	<object>
		<name>scissors</name>
		<pose>Unspecified</pose>
		<truncated>0</truncated>
		<difficult>0</difficult>
		<bndbox>
			<xmin>1052</xmin>
			<ymin>540</ymin>
			<xmax>3863</xmax>
			<ymax>2779</ymax>
		</bndbox>
	</object>
	<object>
		<name>Knife</name>
		<pose>Unspecified</pose>
		<truncated>0</truncated>
		<difficult>0</difficult>
		<bndbox>
			<xmin>2472</xmin>
			<ymin>1656</ymin>
			<xmax>4450</xmax>
			<ymax>3402</ymax>
		</bndbox>
	</object>
</annotation>