<annotation>
	<folder>my-project-name</folder>
	<filename>IMG_20231018_1123052.jpg</filename>
	<path>/my-project-name/IMG_20231018_1123052.jpg</path>
	<source>
		<database>Unspecified</database>
	</source>
	<size>
		<width>6144</width>
		<height>3456</height>
		<depth>3</depth>
	</size>
	<object>
		<name>scissors</name>
		<pose>Unspecified</pose>
		<truncated>0</truncated>
		<difficult>0</difficult>
		<bndbox>
			<xmin>835</xmin>
			<ymin>424</ymin>
			<xmax>1958</xmax>
			<ymax>2460</ymax>
		</bndbox>
	</object>
	<object>
		<name>Knife</name>
		<pose>Unspecified</pose>
		<truncated>0</truncated>
		<difficult>0</difficult>
		<bndbox>
			<xmin>2262</xmin>
			<ymin>612</ymin>
			<xmax>3566</xmax>
			<ymax>3192</ymax>
		</bndbox>
	</object>
</annotation>