<annotation>
	<folder>my-project-name</folder>
	<filename>IMG_20231018_1112023.jpg</filename>
	<path>/my-project-name/IMG_20231018_1112023.jpg</path>
	<source>
		<database>Unspecified</database>
	</source>
	<size>
		<width>6144</width>
		<height>3456</height>
		<depth>3</depth>
	</size>
	<object>
		<name>scissors</name>
		<pose>Unspecified</pose>
		<truncated>0</truncated>
		<difficult>0</difficult>
		<bndbox>
			<xmin>1335</xmin>
			<ymin>1380</ymin>
			<xmax>2400</xmax>
			<ymax>2431</ymax>
		</bndbox>
	</object>
	<object>
		<name>scissors</name>
		<pose>Unspecified</pose>
		<truncated>0</truncated>
		<difficult>0</difficult>
		<bndbox>
			<xmin>2530</xmin>
			<ymin>917</ymin>
			<xmax>3479</xmax>
			<ymax>2670</ymax>
		</bndbox>
	</object>
	<object>
		<name>scissors</name>
		<pose>Unspecified</pose>
		<truncated>0</truncated>
		<difficult>0</difficult>
		<bndbox>
			<xmin>3407</xmin>
			<ymin>1380</ymin>
			<xmax>4233</xmax>
			<ymax>2279</ymax>
		</bndbox>
	</object>
</annotation>