<annotation>
	<folder>my-project-name</folder>
	<filename>20230912213045.jpg</filename>
	<path>/my-project-name/20230912213045.jpg</path>
	<source>
		<database>Unspecified</database>
	</source>
	<size>
		<width>640</width>
		<height>480</height>
		<depth>3</depth>
	</size>
	<object>
		<name>Knife</name>
		<pose>Unspecified</pose>
		<truncated>0</truncated>
		<difficult>0</difficult>
		<bndbox>
			<xmin>48</xmin>
			<ymin>276</ymin>
			<xmax>225</xmax>
			<ymax>334</ymax>
		</bndbox>
	</object>
</annotation>