<annotation>
	<folder>my-project-name</folder>
	<filename>20230912212007.jpg</filename>
	<path>/my-project-name/20230912212007.jpg</path>
	<source>
		<database>Unspecified</database>
	</source>
	<size>
		<width>640</width>
		<height>480</height>
		<depth>3</depth>
	</size>
	<object>
		<name>Fork</name>
		<pose>Unspecified</pose>
		<truncated>0</truncated>
		<difficult>0</difficult>
		<bndbox>
			<xmin>195</xmin>
			<ymin>113</ymin>
			<xmax>280</xmax>
			<ymax>270</ymax>
		</bndbox>
	</object>
</annotation>