<annotation>
	<folder>my-project-name</folder>
	<filename>20230912213130.jpg</filename>
	<path>/my-project-name/20230912213130.jpg</path>
	<source>
		<database>Unspecified</database>
	</source>
	<size>
		<width>640</width>
		<height>480</height>
		<depth>3</depth>
	</size>
	<object>
		<name>Knife</name>
		<pose>Unspecified</pose>
		<truncated>0</truncated>
		<difficult>0</difficult>
		<bndbox>
			<xmin>102</xmin>
			<ymin>167</ymin>
			<xmax>194</xmax>
			<ymax>321</ymax>
		</bndbox>
	</object>
</annotation>