<annotation>
	<folder>my-project-name</folder>
	<filename>20230912211917.jpg</filename>
	<path>/my-project-name/20230912211917.jpg</path>
	<source>
		<database>Unspecified</database>
	</source>
	<size>
		<width>640</width>
		<height>480</height>
		<depth>3</depth>
	</size>
	<object>
		<name>Fork</name>
		<pose>Unspecified</pose>
		<truncated>0</truncated>
		<difficult>0</difficult>
		<bndbox>
			<xmin>423</xmin>
			<ymin>111</ymin>
			<xmax>528</xmax>
			<ymax>262</ymax>
		</bndbox>
	</object>
</annotation>