<annotation>
	<folder>my-project-name</folder>
	<filename>20230912211952.jpg</filename>
	<path>/my-project-name/20230912211952.jpg</path>
	<source>
		<database>Unspecified</database>
	</source>
	<size>
		<width>640</width>
		<height>480</height>
		<depth>3</depth>
	</size>
	<object>
		<name>Fork</name>
		<pose>Unspecified</pose>
		<truncated>0</truncated>
		<difficult>0</difficult>
		<bndbox>
			<xmin>107</xmin>
			<ymin>195</ymin>
			<xmax>281</xmax>
			<ymax>231</ymax>
		</bndbox>
	</object>
</annotation>