<annotation>
	<folder>harshita</folder>
	<filename>IMG_20231018_1059049.jpg</filename>
	<path>/harshita/IMG_20231018_1059049.jpg</path>
	<source>
		<database>Unspecified</database>
	</source>
	<size>
		<width>6144</width>
		<height>3456</height>
		<depth>3</depth>
	</size>
	<object>
		<name>Scissor</name>
		<pose>Unspecified</pose>
		<truncated>0</truncated>
		<difficult>0</difficult>
		<bndbox>
			<xmin>1422</xmin>
			<ymin>249</ymin>
			<xmax>4089</xmax>
			<ymax>3217</ymax>
		</bndbox>
	</object>
</annotation>