<annotation>
	<folder>harshita</folder>
	<filename>IMG_20231017_2343049.jpg</filename>
	<path>/harshita/IMG_20231017_2343049.jpg</path>
	<source>
		<database>Unspecified</database>
	</source>
	<size>
		<width>6144</width>
		<height>3456</height>
		<depth>3</depth>
	</size>
	<object>
		<name>Scissor</name>
		<pose>Unspecified</pose>
		<truncated>0</truncated>
		<difficult>0</difficult>
		<bndbox>
			<xmin>2543</xmin>
			<ymin>322</ymin>
			<xmax>3840</xmax>
			<ymax>1619</ymax>
		</bndbox>
	</object>
	<object>
		<name>Scissor</name>
		<pose>Unspecified</pose>
		<truncated>0</truncated>
		<difficult>0</difficult>
		<bndbox>
			<xmin>1629</xmin>
			<ymin>1681</ymin>
			<xmax>2615</xmax>
			<ymax>3124</ymax>
		</bndbox>
	</object>
	<object>
		<name>Knife</name>
		<pose>Unspecified</pose>
		<truncated>0</truncated>
		<difficult>0</difficult>
		<bndbox>
			<xmin>3217</xmin>
			<ymin>1463</ymin>
			<xmax>3726</xmax>
			<ymax>3456</ymax>
		</bndbox>
	</object>
</annotation>