<annotation>
	<folder>harshita</folder>
	<filename>IMG_20231017_2345021.jpg</filename>
	<path>/harshita/IMG_20231017_2345021.jpg</path>
	<source>
		<database>Unspecified</database>
	</source>
	<size>
		<width>6144</width>
		<height>3456</height>
		<depth>3</depth>
	</size>
	<object>
		<name>Scissor</name>
		<pose>Unspecified</pose>
		<truncated>0</truncated>
		<difficult>0</difficult>
		<bndbox>
			<xmin>1194</xmin>
			<ymin>1349</ymin>
			<xmax>2366</xmax>
			<ymax>2294</ymax>
		</bndbox>
	</object>
	<object>
		<name>Scissor</name>
		<pose>Unspecified</pose>
		<truncated>0</truncated>
		<difficult>0</difficult>
		<bndbox>
			<xmin>2626</xmin>
			<ymin>1152</ymin>
			<xmax>4504</xmax>
			<ymax>2314</ymax>
		</bndbox>
	</object>
	<object>
		<name>Knife</name>
		<pose>Unspecified</pose>
		<truncated>0</truncated>
		<difficult>0</difficult>
		<bndbox>
			<xmin>4753</xmin>
			<ymin>695</ymin>
			<xmax>5085</xmax>
			<ymax>2325</ymax>
		</bndbox>
	</object>
</annotation>