<annotation>
	<folder>harshita</folder>
	<filename>IMG_20231017_2340047.jpg</filename>
	<path>/harshita/IMG_20231017_2340047.jpg</path>
	<source>
		<database>Unspecified</database>
	</source>
	<size>
		<width>6144</width>
		<height>3456</height>
		<depth>3</depth>
	</size>
	<object>
		<name>Scissor</name>
		<pose>Unspecified</pose>
		<truncated>0</truncated>
		<difficult>0</difficult>
		<bndbox>
			<xmin>2325</xmin>
			<ymin>1318</ymin>
			<xmax>2989</xmax>
			<ymax>1795</ymax>
		</bndbox>
	</object>
	<object>
		<name>Scissor</name>
		<pose>Unspecified</pose>
		<truncated>0</truncated>
		<difficult>0</difficult>
		<bndbox>
			<xmin>4878</xmin>
			<ymin>2325</ymin>
			<xmax>5314</xmax>
			<ymax>2719</ymax>
		</bndbox>
	</object>
	<object>
		<name>Knife</name>
		<pose>Unspecified</pose>
		<truncated>0</truncated>
		<difficult>0</difficult>
		<bndbox>
			<xmin>4909</xmin>
			<ymin>1100</ymin>
			<xmax>5241</xmax>
			<ymax>1692</ymax>
		</bndbox>
	</object>
	<object>
		<name>Knife</name>
		<pose>Unspecified</pose>
		<truncated>0</truncated>
		<difficult>0</difficult>
		<bndbox>
			<xmin>4639</xmin>
			<ymin>519</ymin>
			<xmax>5044</xmax>
			<ymax>789</ymax>
		</bndbox>
	</object>
	<object>
		<name>Knife</name>
		<pose>Unspecified</pose>
		<truncated>0</truncated>
		<difficult>0</difficult>
		<bndbox>
			<xmin>4795</xmin>
			<ymin>695</ymin>
			<xmax>5283</xmax>
			<ymax>986</ymax>
		</bndbox>
	</object>
	<object>
		<name>Gun</name>
		<pose>Unspecified</pose>
		<truncated>0</truncated>
		<difficult>0</difficult>
		<bndbox>
			<xmin>5210</xmin>
			<ymin>841</ymin>
			<xmax>5677</xmax>
			<ymax>1827</ymax>
		</bndbox>
	</object>
</annotation>