<annotation>
	<folder>harshita</folder>
	<filename>IMG_20231018_1107025.jpg</filename>
	<path>/harshita/IMG_20231018_1107025.jpg</path>
	<source>
		<database>Unspecified</database>
	</source>
	<size>
		<width>6144</width>
		<height>3456</height>
		<depth>3</depth>
	</size>
	<object>
		<name>Scissor</name>
		<pose>Unspecified</pose>
		<truncated>0</truncated>
		<difficult>0</difficult>
		<bndbox>
			<xmin>1723</xmin>
			<ymin>1069</ymin>
			<xmax>3549</xmax>
			<ymax>3269</ymax>
		</bndbox>
	</object>
</annotation>