<annotation>
	<folder>harshita</folder>
	<filename>IMG_20231017_2344059.jpg</filename>
	<path>/harshita/IMG_20231017_2344059.jpg</path>
	<source>
		<database>Unspecified</database>
	</source>
	<size>
		<width>6144</width>
		<height>3456</height>
		<depth>3</depth>
	</size>
	<object>
		<name>Knife</name>
		<pose>Unspecified</pose>
		<truncated>0</truncated>
		<difficult>0</difficult>
		<bndbox>
			<xmin>581</xmin>
			<ymin>436</ymin>
			<xmax>2283</xmax>
			<ymax>1744</ymax>
		</bndbox>
	</object>
	<object>
		<name>Knife</name>
		<pose>Unspecified</pose>
		<truncated>0</truncated>
		<difficult>0</difficult>
		<bndbox>
			<xmin>3425</xmin>
			<ymin>1744</ymin>
			<xmax>4037</xmax>
			<ymax>3425</ymax>
		</bndbox>
	</object>
	<object>
		<name>Scissor</name>
		<pose>Unspecified</pose>
		<truncated>0</truncated>
		<difficult>0</difficult>
		<bndbox>
			<xmin>2086</xmin>
			<ymin>1090</ymin>
			<xmax>3373</xmax>
			<ymax>1920</ymax>
		</bndbox>
	</object>
	<object>
		<name>Scissor</name>
		<pose>Unspecified</pose>
		<truncated>0</truncated>
		<difficult>0</difficult>
		<bndbox>
			<xmin>1339</xmin>
			<ymin>2128</ymin>
			<xmax>2148</xmax>
			<ymax>3280</ymax>
		</bndbox>
	</object>
</annotation>