<annotation>
	<folder>harshita</folder>
	<filename>IMG_20231017_2344044.jpg</filename>
	<path>/harshita/IMG_20231017_2344044.jpg</path>
	<source>
		<database>Unspecified</database>
	</source>
	<size>
		<width>6144</width>
		<height>3456</height>
		<depth>3</depth>
	</size>
	<object>
		<name>Knife</name>
		<pose>Unspecified</pose>
		<truncated>0</truncated>
		<difficult>0</difficult>
		<bndbox>
			<xmin>747</xmin>
			<ymin>42</ymin>
			<xmax>2979</xmax>
			<ymax>1204</ymax>
		</bndbox>
	</object>
	<object>
		<name>Knife</name>
		<pose>Unspecified</pose>
		<truncated>0</truncated>
		<difficult>0</difficult>
		<bndbox>
			<xmin>3913</xmin>
			<ymin>1702</ymin>
			<xmax>4805</xmax>
			<ymax>3414</ymax>
		</bndbox>
	</object>
	<object>
		<name>Scissor</name>
		<pose>Unspecified</pose>
		<truncated>0</truncated>
		<difficult>0</difficult>
		<bndbox>
			<xmin>2615</xmin>
			<ymin>924</ymin>
			<xmax>4006</xmax>
			<ymax>1764</ymax>
		</bndbox>
	</object>
	<object>
		<name>Scissor</name>
		<pose>Unspecified</pose>
		<truncated>0</truncated>
		<difficult>0</difficult>
		<bndbox>
			<xmin>1588</xmin>
			<ymin>1806</ymin>
			<xmax>2605</xmax>
			<ymax>3186</ymax>
		</bndbox>
	</object>
</annotation>