<annotation>
	<folder>harshita</folder>
	<filename>IMG_20231017_2344020.jpg</filename>
	<path>/harshita/IMG_20231017_2344020.jpg</path>
	<source>
		<database>Unspecified</database>
	</source>
	<size>
		<width>6144</width>
		<height>3456</height>
		<depth>3</depth>
	</size>
	<object>
		<name>Scissor</name>
		<pose>Unspecified</pose>
		<truncated>0</truncated>
		<difficult>0</difficult>
		<bndbox>
			<xmin>1515</xmin>
			<ymin>1619</ymin>
			<xmax>2885</xmax>
			<ymax>3311</ymax>
		</bndbox>
	</object>
	<object>
		<name>Scissor</name>
		<pose>Unspecified</pose>
		<truncated>0</truncated>
		<difficult>0</difficult>
		<bndbox>
			<xmin>3601</xmin>
			<ymin>882</ymin>
			<xmax>5376</xmax>
			<ymax>2470</ymax>
		</bndbox>
	</object>
</annotation>