<annotation>
	<folder>harshita</folder>
	<filename>IMG_20231018_1054008.jpg</filename>
	<path>/harshita/IMG_20231018_1054008.jpg</path>
	<source>
		<database>Unspecified</database>
	</source>
	<size>
		<width>6144</width>
		<height>3456</height>
		<depth>3</depth>
	</size>
	<object>
		<name>Scissor</name>
		<pose>Unspecified</pose>
		<truncated>0</truncated>
		<difficult>0</difficult>
		<bndbox>
			<xmin>1993</xmin>
			<ymin>1546</ymin>
			<xmax>2262</xmax>
			<ymax>1578</ymax>
		</bndbox>
	</object>
	<object>
		<name>Scissor</name>
		<pose>Unspecified</pose>
		<truncated>0</truncated>
		<difficult>0</difficult>
		<bndbox>
			<xmin>2034</xmin>
			<ymin>1588</ymin>
			<xmax>3695</xmax>
			<ymax>2294</ymax>
		</bndbox>
	</object>
</annotation>