<annotation>
	<folder>harshita</folder>
	<filename>IMG_20231018_1055003.jpg</filename>
	<path>/harshita/IMG_20231018_1055003.jpg</path>
	<source>
		<database>Unspecified</database>
	</source>
	<size>
		<width>6144</width>
		<height>3456</height>
		<depth>3</depth>
	</size>
	<object>
		<name>Scissor</name>
		<pose>Unspecified</pose>
		<truncated>0</truncated>
		<difficult>0</difficult>
		<bndbox>
			<xmin>2221</xmin>
			<ymin>706</ymin>
			<xmax>3207</xmax>
			<ymax>2574</ymax>
		</bndbox>
	</object>
</annotation>