<annotation>
	<folder>harshita</folder>
	<filename>IMG_20231017_2345012.jpg</filename>
	<path>/harshita/IMG_20231017_2345012.jpg</path>
	<source>
		<database>Unspecified</database>
	</source>
	<size>
		<width>6144</width>
		<height>3456</height>
		<depth>3</depth>
	</size>
	<object>
		<name>Scissor</name>
		<pose>Unspecified</pose>
		<truncated>0</truncated>
		<difficult>0</difficult>
		<bndbox>
			<xmin>747</xmin>
			<ymin>1059</ymin>
			<xmax>1982</xmax>
			<ymax>2937</ymax>
		</bndbox>
	</object>
	<object>
		<name>Scissor</name>
		<pose>Unspecified</pose>
		<truncated>0</truncated>
		<difficult>0</difficult>
		<bndbox>
			<xmin>2211</xmin>
			<ymin>747</ymin>
			<xmax>4224</xmax>
			<ymax>2055</ymax>
		</bndbox>
	</object>
	<object>
		<name>Knife</name>
		<pose>Unspecified</pose>
		<truncated>0</truncated>
		<difficult>0</difficult>
		<bndbox>
			<xmin>4556</xmin>
			<ymin>394</ymin>
			<xmax>4992</xmax>
			<ymax>3062</ymax>
		</bndbox>
	</object>
</annotation>