<annotation>
	<folder>my-project-name</folder>
	<filename>IMG_20231017_2321038.jpg</filename>
	<path>/my-project-name/IMG_20231017_2321038.jpg</path>
	<source>
		<database>Unspecified</database>
	</source>
	<size>
		<width>6144</width>
		<height>3456</height>
		<depth>3</depth>
	</size>
	<object>
		<name>Scissors</name>
		<pose>Unspecified</pose>
		<truncated>0</truncated>
		<difficult>0</difficult>
		<bndbox>
			<xmin>2871</xmin>
			<ymin>743</ymin>
			<xmax>4667</xmax>
			<ymax>2771</ymax>
		</bndbox>
	</object>
</annotation>