<annotation>
	<folder>my-project-name</folder>
	<filename>IMG_20231017_2325020.jpg</filename>
	<path>/my-project-name/IMG_20231017_2325020.jpg</path>
	<source>
		<database>Unspecified</database>
	</source>
	<size>
		<width>6144</width>
		<height>3456</height>
		<depth>3</depth>
	</size>
	<object>
		<name>Scissors</name>
		<pose>Unspecified</pose>
		<truncated>0</truncated>
		<difficult>0</difficult>
		<bndbox>
			<xmin>2001</xmin>
			<ymin>830</ymin>
			<xmax>3979</xmax>
			<ymax>2416</ymax>
		</bndbox>
	</object>
</annotation>